{
  "region": "ground",
  "target_V": 0.0,
  "baseline": 600.0,
  "peaks": {
    "IX1": {
      "amp": 766.484126984127,
      "cen": 1.4096170521834597,
      "sig": 0.005857142857142858
    },
    "IX2": {
      "amp": 759.719999981323,
      "cen": 1.4470235707417052,
      "sig": 0.004675104813343929
    },
    "IX3": {
      "amp": 29.856324463375746,
      "cen": 1.4694009953657041,
      "sig": 0.00400000016714892
    }
  },
  "background": {
    "amp": 201.11309523809524,
    "cen": 1.375,
    "sig": 0.028428571428571425
  }
}