{
  "region": "v1_electron_4peaks",
  "target_V": 1.0,
  "baseline": 600.0,
  "peaks": {
    "IX1+e": {
      "amp": 931.2269744573424,
      "cen": 1.426848702272002,
      "sig": 0.004619047619047619
    },
    "IX2+e": {
      "amp": 86.42901741194389,
      "cen": 1.4493648923622056,
      "sig": 0.004000000001887809
    },
    "IXp1+e": {
      "amp": 5.2018691455158015,
      "cen": 1.4597032682550901,
      "sig": 0.004000006184772147
    },
    "IXp2+e": {
      "amp": 22.183021400687423,
      "cen": 1.4803288420549396,
      "sig": 0.004000000000237194
    }
  },
  "background": {
    "amp": 143.25203450037637,
    "cen": 1.375,
    "sig": 0.04312335974118397
  }
}